Time,BG,CGM,CHO,insulin,LBGI,HBGI,Risk
2021-04-30 00:00:00,133.83107309994364,150.60502246873412,0.0,0.004816666666666667,0.0,1.0482943819414134,1.0482943819414134
2021-04-30 00:03:00,133.83107309980903,146.3930954218668,0.0,0.004816666666666667,0.0,1.048294381929237,1.048294381929237
2021-04-30 00:06:00,133.83107309052787,144.0504463396457,0.0,0.004816666666666667,0.0,1.0482943810898033,1.0482943810898033
2021-04-30 00:09:00,133.83107299163072,142.2837825337788,0.0,0.004816666666666667,0.0,1.0482943721450562,1.0482943721450562
2021-04-30 00:12:00,133.8310725251491,140.92002291268852,0.0,0.004816666666666667,0.0,1.0482943299541672,1.0482943299541672
2021-04-30 00:15:00,133.83107110037918,139.7860861094912,0.0,0.004816666666666667,0.0,1.0482942010909706,1.0482942010909706
2021-04-30 00:18:00,133.83106775343614,138.70889040197173,0.0,0.004816666666666667,0.0,1.0482938983770218,1.0482938983770218
2021-04-30 00:21:00,133.83106114285167,137.51535368965017,0.0,0.004816666666666667,0.0,1.048293300483428,1.048293300483428
2021-04-30 00:24:00,133.83104958767467,136.03239351828984,0.0,0.004816666666666667,0.0,1.0482922553770435,1.0482922553770435
2021-04-30 00:27:00,133.83103113235802,134.122325703253,0.0,0.004816666666666667,0.0,1.048290586189386,1.048290586189386
2021-04-30 00:30:00,133.8310036249519,131.85985723771975,0.0,0.004816666666666667,0.0,1.0482880982892315,1.0482880982892315
2021-04-30 00:33:00,133.83096479849107,129.63828207375605,0.0,0.004816666666666667,0.0,1.0482845866443027,1.0482845866443027
2021-04-30 00:36:00,133.83091234867726,127.92169123394135,0.0,0.004816666666666667,0.0,1.0482798428479772,1.0482798428479772
2021-04-30 00:39:00,133.83084400359314,127.17417575030841,0.0,0.004816666666666667,0.0,1.048273661425517,1.048273661425517
2021-04-30 00:42:00,133.83075758317528,127.78471584933189,0.0,0.004816666666666667,0.0,1.0482658452140106,1.0482658452140106
2021-04-30 00:45:00,133.83065104758865,129.69162661414285,0.0,0.004816666666666667,0.0,1.0482562097387016,1.0482562097387016
2021-04-30 00:48:00,133.8305225345997,132.15722539163036,0.0,0.004816666666666667,0.0,1.0482445865941745,1.0482445865941745
2021-04-30 00:51:00,133.83037038664614,134.29360796876028,0.0,0.004816666666666667,0.0,1.0482308258935056,1.0482308258935056
2021-04-30 00:54:00,133.8301931686463,135.21287034938683,0.0,0.004816666666666667,0.0,1.0482147978798877,1.0482147978798877
2021-04-30 00:57:00,133.8299896777573,134.1426872625338,0.0,0.004816666666666667,0.0,1.0481963938096521,1.0481963938096521
2021-04-30 01:00:00,133.82975894633142,131.00420464699795,0.0,0.004816666666666667,0.0,1.048175526220037,1.048175526220037
2021-04-30 01:03:00,133.8295002392856,126.75877513819157,0.0,0.004816666666666667,0.0,1.048152128691295,1.048152128691295
2021-04-30 01:06:00,133.82921304701182,122.59890859129987,0.0,0.004816666666666667,0.0,1.0481261552053176,1.0481261552053176
2021-04-30 01:09:00,133.82889707484543,119.71711508008858,0.0,0.004816666666666667,0.0,1.0480975791927438,1.0480975791927438
2021-04-30 01:12:00,133.82855222998504,119.17572648116632,0.0,0.004816666666666667,0.0,1.0480663923492426,1.0480663923492426
2021-04-30 01:15:00,133.8281786066326,121.2560044423221,0.0,0.004816666666666667,0.0,1.0480326032907197,1.0480326032907197
2021-04-30 01:18:00,133.82777647000262,125.06760515646641,0.0,0.004816666666666667,0.0,1.0479962361061126,1.0479962361061126
2021-04-30 01:21:00,133.82734623973883,129.4598281695409,0.0,0.004816666666666667,0.0,1.0479573288563524,1.0479573288563524
2021-04-30 01:24:00,133.82688847317522,133.28197317076217,0.0,0.004816666666666667,0.0,1.0479159320593419,1.0479159320593419
2021-04-30 01:27:00,133.8264038487904,135.4899707475052,0.0,0.004816666666666667,0.0,1.0478721071922068,1.0478721071922068
2021-04-30 01:30:00,133.82589315012638,135.67953622658973,0.0,0.004816666666666667,0.0,1.0478259252356408,1.0478259252356408
2021-04-30 01:33:00,133.825357250377,134.40606197315714,0.0,0.004816666666666667,0.0,1.047777465278776,1.047777465278776
2021-04-30 01:36:00,133.82479709779486,132.4382019752541,0.0,0.004816666666666667,0.0,1.0477268131981847,1.0477268131981847
2021-04-30 01:39:00,133.82421370201882,130.54461028683662,0.0,0.004816666666666667,0.0,1.0476740604201096,1.0476740604201096
2021-04-30 01:42:00,133.8236081213862,129.4276971389497,0.0,0.004816666666666667,0.0,1.0476193027719662,1.0476193027719662
2021-04-30 01:45:00,133.8229814512616,129.3924095487057,0.0,0.004816666666666667,0.0,1.0475626394257078,1.0475626394257078
2021-04-30 01:48:00,133.82233481339014,130.14749968088967,0.0,0.004816666666666667,0.0,1.0475041719341558,1.0475041719341558
2021-04-30 01:51:00,133.82166934626292,131.26923196860236,0.0,0.004816666666666667,0.0,1.0474440033588381,1.0474440033588381
2021-04-30 01:54:00,133.82098619646672,132.33387085588708,0.0,0.004816666666666667,0.0,1.0473822374869988,1.0473822374869988
2021-04-30 01:57:00,133.8202865109805,132.9556480037804,0.0,0.004816666666666667,0.0,1.047318978134369,1.047318978134369
2021-04-30 02:00:00,133.81957143037081,132.97659835355054,0.0,0.004816666666666667,0.0,1.0472543285293465,1.0472543285293465
2021-04-30 02:03:00,133.81884208283444,132.58046176266456,0.0,0.004816666666666667,0.0,1.0471883907739001,1.0471883907739001
2021-04-30 02:06:00,133.81809957903252,132.02691250088296,0.0,0.004816666666666667,0.0,1.0471212653761333,1.0471212653761333
2021-04-30 02:09:00,133.81734500765884,131.5756248174489,0.0,0.004816666666666667,0.0,1.0470530508494338,1.0470530508494338
2021-04-30 02:12:00,133.8165794316842,131.4862729371094,0.0,0.004816666666666667,0.0,1.04698384337269,1.04698384337269
2021-04-30 02:15:00,133.81580388522036,132.0185310567749,0.0,0.004816666666666667,0.0,1.046913736506839,1.046913736506839
2021-04-30 02:18:00,133.81501937094754,133.43207334276087,0.0,0.004816666666666667,0.0,1.046842820962218,1.046842820962218
2021-04-30 02:21:00,133.81422685805222,135.98657392855765,0.0,0.004816666666666667,0.0,1.0467711844123815,1.0467711844123815
2021-04-30 02:24:00,133.81342728062455,139.94170691307644,0.0,0.004816666666666667,0.0,1.0466989113492675,1.0466989113492675
2021-04-30 02:27:00,133.8126215364667,141.1334239668413,0.0,0.004816666666666667,0.0,1.0466260829758194,1.0466260829758194
2021-04-30 02:30:00,133.8118104862675,135.26337610808417,0.0,0.004816666666666667,0.0,1.0465527771315695,1.0465527771315695
2021-04-30 02:33:00,133.810994953101,131.00244427781095,0.0,0.004816666666666667,0.0,1.0464790682477485,1.0464790682477485
2021-04-30 02:36:00,133.81017572221026,128.107392621639,0.0,0.004816666666666667,0.0,1.046405027328021,1.046405027328021
2021-04-30 02:39:00,133.80935354104022,126.33498524736734,0.0,0.004816666666666667,0.0,1.0463307219518927,1.0463307219518927
2021-04-30 02:42:00,133.80852911948674,125.44198622515495,0.0,0.004816666666666667,0.0,1.0462562162976194,1.0462562162976194
2021-04-30 02:45:00,133.80770313033196,125.18515958789503,0.0,0.004816666666666667,0.0,1.0461815711819973,1.0461815711819973
2021-04-30 02:48:00,133.80687620983815,125.32126933175718,0.0,0.004816666666666667,0.0,1.0461068441144947,1.0461068441144947
2021-04-30 02:51:00,133.80604895847614,125.60707941687178,0.0,0.004816666666666667,0.0,1.0460320893635071,1.0460320893635071
2021-04-30 02:54:00,133.80522194176518,125.79935376813351,0.0,0.004816666666666667,0.0,1.0459573580327217,1.0459573580327217
2021-04-30 02:57:00,133.80439569120458,125.6868267550113,0.0,0.004816666666666667,0.0,1.0458826981458036,1.0458826981458036
2021-04-30 03:00:00,133.80357070527944,125.25005558707024,0.0,0.004816666666666667,0.0,1.0458081547376943,1.0458081547376943
2021-04-30 03:03:00,133.8027474505241,124.75733175174065,0.0,0.004816666666666667,0.0,1.0457337699511493,1.0457337699511493
2021-04-30 03:06:00,133.80192636262956,124.54088766305489,0.0,0.004816666666666667,0.0,1.0456595831372617,1.0456595831372617
2021-04-30 03:09:00,133.80110784758216,124.93295570495994,0.0,0.004816666666666667,0.0,1.0455856309588056,1.0455856309588056
2021-04-30 03:12:00,133.80029228282268,126.2159151967652,0.0,0.004816666666666667,0.0,1.0455119474953214,1.0455119474953214
2021-04-30 03:15:00,133.79948001841612,128.3730272157852,0.0,0.004816666666666667,0.0,1.0454385643492272,1.0454385643492272
2021-04-30 03:18:00,133.79867137822418,130.9388754913968,0.0,0.004816666666666667,0.0,1.0453655107521955,1.0453655107521955
2021-04-30 03:21:00,133.7978666610729,133.34833765614243,0.0,0.004816666666666667,0.0,1.0452928136709168,1.0452928136709168
2021-04-30 03:24:00,133.79706614190954,135.03629131830064,0.0,0.004816666666666667,0.0,1.0452204979120523,1.0452204979120523
2021-04-30 03:27:00,133.7962700729431,135.49993773549377,0.0,0.004816666666666667,0.0,1.0451485862255763,1.0451485862255763
2021-04-30 03:30:00,133.7954786847649,134.61042017812375,0.0,0.004816666666666667,0.0,1.0450770994063165,1.0450770994063165
2021-04-30 03:33:00,133.79469218744424,132.7997949478613,0.0,0.004816666666666667,0.0,1.0450060563932446,1.0450060563932446
2021-04-30 03:36:00,133.79391077159747,130.6247656714923,0.0,0.004816666666666667,0.0,1.04493547436635,1.04493547436635
2021-04-30 03:39:00,133.79313460942723,128.64203595704336,0.0,0.004816666666666667,0.0,1.044865368840763,1.044865368840763
2021-04-30 03:42:00,133.79236385572992,127.35690655475824,0.0,0.004816666666666667,0.0,1.0447957537580186,1.0447957537580186
2021-04-30 03:45:00,133.79159864887038,126.96626115787262,0.0,0.004816666666666667,0.0,1.0447266415743184,1.0447266415743184
2021-04-30 03:48:00,133.79083911172262,127.2043578834399,0.0,0.004816666666666667,0.0,1.0446580433457722,1.0446580433457722
2021-04-30 03:51:00,133.79008535257537,127.70264915354329,0.0,0.004816666666666667,0.0,1.0445899688103295,1.0445899688103295
2021-04-30 03:54:00,133.7893374660029,128.09258737626263,0.0,0.004816666666666667,0.0,1.044522426466669,1.044522426466669
2021-04-30 03:57:00,133.78859553370006,128.04071642851352,0.0,0.004816666666666667,0.0,1.0444554236497412,1.0444554236497412
2021-04-30 04:00:00,133.7878596252825,127.42412906682057,0.0,0.004816666666666667,0.0,1.0443889666032886,1.0443889666032886
2021-04-30 04:03:00,133.78712979905143,126.43574137407094,0.0,0.004816666666666667,0.0,1.0443230605489895,1.0443230605489895
2021-04-30 04:06:00,133.78640610272444,125.33865238631026,0.0,0.004816666666666667,0.0,1.044257709752642,1.044257709752642
2021-04-30 04:09:00,133.7856885741319,124.39596112946603,0.0,0.004816666666666667,0.0,1.0441929175870943,1.0441929175870943
2021-04-30 04:12:00,133.78497724188028,123.85112280381747,0.0,0.004816666666666667,0.0,1.04412868659244,1.04412868659244
2021-04-30 04:15:00,133.784272125983,123.82972970361413,0.0,0.004816666666666667,0.0,1.0440650185328986,1.0440650185328986
2021-04-30 04:18:00,133.78357323845984,124.28057976907212,0.0,0.004816666666666667,0.0,1.0440019144511707,1.0440019144511707
2021-04-30 04:21:00,133.78288058390547,125.11318330038478,0.0,0.004816666666666667,0.0,1.0439393747198025,1.0439393747198025
2021-04-30 04:24:00,133.78219416002833,126.23705059068077,0.0,0.004816666666666667,0.0,1.0438773990899355,1.0438773990899355
2021-04-30 04:27:00,133.78151395816116,127.55938461468295,0.0,0.004816666666666667,0.0,1.0438159867374979,1.0438159867374979
2021-04-30 04:30:00,133.78083996374335,128.9735444698955,0.0,0.004816666666666667,0.0,1.0437551363067863,1.0437551363067863
2021-04-30 04:33:00,133.7801721567772,130.352123441486,0.0,0.004816666666666667,0.0,1.0436948459517714,1.0436948459517714
2021-04-30 04:36:00,133.7795105122584,131.56310018575084,0.0,0.004816666666666667,0.0,1.0436351133749313,1.0436351133749313
2021-04-30 04:39:00,133.77885500058193,132.4744533542515,0.0,0.004816666666666667,0.0,1.0435759358640448,1.0435759358640448
2021-04-30 04:42:00,133.77820558792473,132.95416159420463,0.0,0.004816666666666667,0.0,1.0435173103266897,1.0435173103266897
2021-04-30 04:45:00,133.77756223660606,132.87020354884993,0.0,0.004816666666666667,0.0,1.0434592333228871,1.0434592333228871
2021-04-30 04:48:00,133.77692490542577,132.09055785779572,0.0,0.004816666666666667,0.0,1.0434017010956222,1.0434017010956222
2021-04-30 04:51:00,133.7762935499832,130.4832031573443,0.0,0.004816666666666667,0.0,1.0433447095996564,1.0433447095996564
2021-04-30 04:54:00,133.7756681229757,127.91611808079715,0.0,0.004816666666666667,0.0,1.0432882545285287,1.0432882545285287
2021-04-30 04:57:00,133.77504857447926,126.40366255331503,0.0,0.004816666666666667,0.0,1.0432323313398786,1.0432323313398786
2021-04-30 05:00:00,133.7744348522112,128.42183246714183,0.0,0.004816666666666667,0.0,1.043176935279195,1.043176935279195
2021-04-30 05:03:00,133.77382690177635,130.49456178907465,0.0,0.004816666666666667,0.0,1.0431220614020693,1.0431220614020693
2021-04-30 05:06:00,133.77322466689745,132.56616711591954,0.0,0.004816666666666667,0.0,1.0430677045949106,1.0430677045949106
2021-04-30 05:09:00,133.7726280896304,134.58096504274457,0.0,0.004816666666666667,0.0,1.0430138595944998,1.0430138595944998
2021-04-30 05:12:00,133.77203711056524,136.48327216308542,0.0,0.004816666666666667,0.0,1.0429605210060675,1.0429605210060675
2021-04-30 05:15:00,133.77145166901397,138.21740506913773,0.0,0.004816666666666667,0.0,1.042907683320233,1.042907683320233
2021-04-30 05:18:00,133.77087170318543,139.72768035193607,0.0,0.004816666666666667,0.0,1.042855340928854,1.042855340928854
2021-04-30 05:21:00,133.77029715034826,140.95841460152093,0.0,0.004816666666666667,0.0,1.042803488139671,1.042803488139671
2021-04-30 05:24:00,133.7697279469824,141.8539244070941,0.0,0.004816666666666667,0.0,1.0427521191900027,1.0427521191900027
2021-04-30 05:27:00,133.76916402892022,142.3738827923926,0.0,0.004816666666666667,0.0,1.0427012282594845,1.0427012282594845
2021-04-30 05:30:00,133.76860533147712,142.57010139197052,0.0,0.004816666666666667,0.0,1.04265080948184,1.04265080948184
2021-04-30 05:33:00,133.76805178957306,142.63259975701214,0.0,0.004816666666666667,0.0,1.0426008569558372,1.0426008569558372
2021-04-30 05:36:00,133.76750333784497,142.78211030884063,0.0,0.004816666666666667,0.0,1.0425513647554303,1.0425513647554303
2021-04-30 05:39:00,133.76695991075073,143.23936546856567,0.0,0.004816666666666667,0.0,1.0425023269391605,1.0425023269391605
2021-04-30 05:42:00,133.76642144266523,144.18974829894458,0.0,0.004816666666666667,0.0,1.0424537375587457,1.0424537375587457
2021-04-30 05:45:00,133.76588786796924,145.6065457132841,0.0,0.004816666666666667,0.0,1.0424055906671699,1.0424055906671699
2021-04-30 05:48:00,133.76535912113098,147.14490040081108,0.0,0.004816666666666667,0.0,1.0423578803259663,1.0423578803259663
2021-04-30 05:51:00,133.76483513678141,148.38925633441468,0.0,0.004816666666666667,0.0,1.042310600612075,1.042310600612075
2021-04-30 05:54:00,133.76431584978323,148.92405748719298,0.0,0.004816666666666667,0.0,1.0422637456239552,1.0422637456239552
2021-04-30 05:57:00,133.7638011952943,148.3840804807453,0.0,0.004816666666666667,0.0,1.0422173094873965,1.0422173094873965
2021-04-30 06:00:00,133.76329110882534,146.7060978263668,0.0,0.004816666666666667,0.0,1.0421712863606427,1.0421712863606427
2021-04-30 06:03:00,133.76278552629316,144.279875869784,0.0,0.004816666666666667,0.0,1.0421256704392396,1.0421256704392396
2021-04-30 06:06:00,133.76228438406858,141.5958462536157,0.0,0.004816666666666667,0.0,1.0420804559602619,1.0420804559602619
2021-04-30 06:09:00,133.76178761902025,139.1444406209641,0.0,0.004816666666666667,0.0,1.0420356372063448,1.0420356372063448
2021-04-30 06:12:00,133.76129516855443,137.36972068183786,0.0,0.004816666666666667,0.0,1.041991208509209,1.041991208509209
2021-04-30 06:15:00,133.76080697065055,136.4375285450991,0.0,0.004816666666666667,0.0,1.041947164252878,1.041947164252878
2021-04-30 06:18:00,133.7603229638938,136.09637691764294,0.0,0.004816666666666667,0.0,1.0419034988765739,1.0419034988765739
2021-04-30 06:21:00,133.7598430875036,136.00203863975338,0.0,0.004816666666666667,0.0,1.0418602068773102,1.0418602068773102
2021-04-30 06:24:00,133.75936728135974,135.81028655236616,0.0,0.004816666666666667,0.0,1.0418172828122068,1.0418172828122068
2021-04-30 06:27:00,133.75889548602484,135.2089459927172,0.0,0.004816666666666667,0.0,1.0417747213005388,1.0417747213005388
2021-04-30 06:30:00,133.75842764276481,134.07815727248737,0.0,0.004816666666666667,0.0,1.0417325170255145,1.0417325170255145
2021-04-30 06:33:00,133.75796369356644,132.5865331646951,0.0,0.004816666666666667,0.0,1.0416906647358837,1.0416906647358837
2021-04-30 06:36:00,133.7575035811525,130.96679143433937,0.0,0.004816666666666667,0.0,1.0416491592473351,1.0416491592473351
2021-04-30 06:39:00,133.75704724899518,129.45164984716416,0.0,0.004816666666666667,0.0,1.0416079954435686,1.0416079954435686
2021-04-30 06:42:00,133.7565946413269,128.258777590614,0.0,0.004816666666666667,0.0,1.0415671682773895,1.0415671682773895
2021-04-30 06:45:00,133.75614570314983,127.51555237856303,0.0,0.004816666666666667,0.0,1.041526672771487,1.041526672771487
2021-04-30 06:48:00,133.75570038024316,127.21391471415467,0.0,0.004816666666666667,0.0,1.041486504019072,1.041486504019072
2021-04-30 06:51:00,133.75525861916933,127.31570794320118,0.0,0.004816666666666667,0.0,1.0414466571844718,1.0414466571844718
2021-04-30 06:54:00,133.75482036727826,127.78277541230094,0.0,0.004816666666666667,0.0,1.04140712750345,1.04140712750345
2021-04-30 06:57:00,133.75438557271042,128.57138949676812,0.0,0.004816666666666667,0.0,1.041367910283508,1.041367910283508
2021-04-30 07:00:00,133.75395418439894,129.60439674026554,0.0,0.004816666666666667,0.0,1.0413290009040637,1.0413290009040637
2021-04-30 07:03:00,133.7535261520698,130.75450493858412,0.0,0.004816666666666667,0.0,1.0412903948164112,1.0412903948164112
2021-04-30 07:06:00,133.75310142624195,131.88327994415988,0.0,0.004816666666666667,0.0,1.0412520875437692,1.0412520875437692
2021-04-30 07:09:00,133.75267995822568,132.85228761022077,0.0,0.004816666666666667,0.0,1.0412140746811278,1.0412140746811278
2021-04-30 07:12:00,133.75226170012024,133.52309379078463,0.0,0.004816666666666667,0.0,1.04117635189497,1.04117635189497
2021-04-30 07:15:00,133.751846604811,133.75726434065626,0.0,0.004816666666666667,0.0,1.0411389149230645,1.0411389149230645
2021-04-30 07:18:00,133.75143462596546,133.4163651154241,0.0,0.004816666666666667,0.0,1.0411017595740537,1.0411017595740537
2021-04-30 07:21:00,133.7510257180287,132.36196197145557,0.0,0.004816666666666667,0.0,1.0410648817270627,1.0410648817270627
2021-04-30 07:24:00,133.75061983621825,130.4556207658924,0.0,0.004816666666666667,0.0,1.0410282773311992,1.0410282773311992
2021-04-30 07:27:00,133.75021693651846,128.7489497946008,0.0,0.004816666666666667,0.0,1.0409919424050473,1.0409919424050473
2021-04-30 07:30:00,133.74981697567407,128.66377739932707,0.0,0.004816666666666667,0.0,1.040955873036121,1.040955873036121
2021-04-30 07:33:00,133.74941991118362,128.47210578164857,0.0,0.004816666666666667,0.0,1.0409200653801682,1.0409200653801682
2021-04-30 07:36:00,133.74902570129237,128.1857441852196,0.0,0.004816666666666667,0.0,1.0408845156606175,1.0408845156606175
2021-04-30 07:39:00,133.74863430498462,127.81650185443598,0.0,0.004816666666666667,0.0,1.0408492201677872,1.0408492201677872
2021-04-30 07:42:00,133.74824568197604,127.37618803442757,0.0,0.004816666666666667,0.0,1.0408141752583069,1.0408141752583069
2021-04-30 07:45:00,133.74785979270558,126.87661197105021,0.0,0.004816666666666667,0.0,1.0407793773542393,1.0407793773542393
2021-04-30 07:48:00,133.74747659832687,126.3295829108772,0.0,0.004816666666666667,0.0,1.0407448229423992,1.0407448229423992
2021-04-30 07:51:00,133.74709606069968,125.74691010119093,0.0,0.004816666666666667,0.0,1.04071050857353,1.04071050857353
2021-04-30 07:54:00,133.7467181423812,125.14040278997409,0.0,0.004816666666666667,0.0,1.0406764308615066,1.0406764308615066
2021-04-30 07:57:00,133.74634280661684,124.52125034985866,0.0,0.004816666666666667,0.0,1.0406425864825488,1.0406425864825488
2021-04-30 08:00:00,133.7459700173312,123.89692289790662,0.0,0.004816666666666667,0.0,1.0406089721743232,1.0406089721743232
2021-04-30 08:03:00,133.74559973911883,123.26931166747468,0.0,0.004816666666666667,0.0,1.0405755847351708,1.0405755847351708
2021-04-30 08:06:00,133.74523193723462,122.63906814049913,0.0,0.004816666666666667,0.0,1.0405424210231853,1.0405424210231853
2021-04-30 08:09:00,133.74486657758465,122.00684379957042,0.0,0.004816666666666667,0.0,1.040509477955415,1.040509477955415
2021-04-30 08:12:00,133.74450362671635,121.3789719993756,0.0,0.004816666666666667,0.0,1.0404767525069585,1.0404767525069585
2021-04-30 08:15:00,133.74414305180912,120.79587732394809,0.0,0.004816666666666667,0.0,1.0404442417100817,1.0404442417100817
2021-04-30 08:18:00,133.74378482066464,120.34912120101393,0.0,0.004816666666666667,0.0,1.0404119426533984,1.0404119426533984
2021-04-30 08:21:00,133.74342890169726,120.14162880181881,0.0,0.004816666666666667,0.0,1.0403798524809376,1.0403798524809376
2021-04-30 08:24:00,133.74307526392434,120.27632529821464,0.0,0.004816666666666667,0.0,1.0403479683913321,1.0403479683913321
2021-04-30 08:27:00,133.7427238769566,120.83513208978681,0.0,0.004816666666666667,0.0,1.040316287636844,1.040316287636844
2021-04-30 08:30:00,133.7423747109886,121.77394793952888,0.0,0.004816666666666667,0.0,1.0402848075226123,1.0402848075226123
2021-04-30 08:33:00,133.7420277367891,122.85963765524366,0.0,0.004816666666666667,0.0,1.0402535254057335,1.0402535254057335
2021-04-30 08:36:00,133.74168292569152,123.81705849957552,18.666666666666668,0.004816666666666667,0.0,1.0402224386943346,1.0402224386943346
2021-04-30 08:39:00,133.7414378590711,124.371162222903,0.0,0.2876416666666667,0.0,1.040200344757979,1.040200344757979
2021-04-30 08:42:00,133.75220521587053,124.28794803665095,0.0,0.004816666666666667,0.0,1.0411712576121495,1.0411712576121495
2021-04-30 08:45:00,133.86617385235067,123.58754767821648,0.0,0.004816666666666667,0.0,1.0514710604959425,1.0514710604959425
2021-04-30 08:48:00,134.33867923877324,122.72694837605471,0.0,0.004816666666666667,0.0,1.0946202164915069,1.0946202164915069
2021-04-30 08:51:00,135.59091955988623,122.39867159896696,0.0,0.004816666666666667,0.0,1.212408571895617,1.212408571895617
2021-04-30 08:54:00,138.14499560725488,123.41945343689996,0.0,0.004816666666666667,0.0,1.4676022824551413,1.4676022824551413
2021-04-30 08:57:00,142.48210733644706,126.59562481952113,0.0,0.004816666666666667,0.0,1.9441326697619312,1.9441326697619312
2021-04-30 09:00:00,148.92071582692833,132.4789160487837,0.0,0.004816666666666667,0.0,2.742189038552556,2.742189038552556
2021-04-30 09:03:00,157.58084436610667,141.23552414264253,0.0,0.004816666666666667,0.0,3.96345798371211,3.96345798371211
2021-04-30 09:06:00,168.3981829592086,152.79772359187825,0.0,0.004816666666666667,0.0,5.686306754596088,5.686306754596088
2021-04-30 09:09:00,181.16291753497245,166.93824907663273,0.0,0.004816666666666667,0.0,7.943497724478973,7.943497724478973
2021-04-30 09:12:00,195.5653535324849,183.3065289514708,0.0,0.004816666666666667,0.0,10.713665793109692,10.713665793109692
2021-04-30 09:15:00,211.23667896926008,201.43027556214668,0.0,0.004816666666666667,0.0,13.927633808976035,13.927633808976035
2021-04-30 09:18:00,227.78353612859888,220.72758877060716,0.0,0.004816666666666667,0.0,17.483979929515062,17.483979929515062
2021-04-30 09:21:00,244.81529117805366,240.59408611418266,0.0,0.004816666666666667,0.0,21.26659365358853,21.26659365358853
2021-04-30 09:24:00,261.9640403490964,260.4417201489786,0.0,0.004816666666666667,0.0,25.15935756029007,25.15935756029007
2021-04-30 09:27:00,278.8980901355977,279.72882081226885,0.0,0.004816666666666667,0.0,29.056129286104152,29.056129286104152
2021-04-30 09:30:00,295.32995994941655,298.0419680370294,0.0,0.004816666666666667,0.0,32.86622251181726,32.86622251181726
2021-04-30 09:33:00,311.0200321878635,315.1443008436981,0.0,0.004816666666666667,0.0,36.516449297065236,36.516449297065236
2021-04-30 09:36:00,325.7769160123531,330.87601814365877,0.0,0.004816666666666667,0.0,39.95090576266393,39.95090576266393
2021-04-30 09:39:00,339.45546281066015,345.124308237837,0.0,0.004816666666666667,0.0,43.12947394896382,43.12947394896382
2021-04-30 09:42:00,351.9532155349519,357.8202912564641,0.0,0.004816666666666667,0.0,46.02572644924053,46.02572644924053
2021-04-30 09:45:00,363.20591661820964,368.9348178736619,0.0,0.004816666666666667,0.0,48.624668707620046,48.624668707620046
2021-04-30 09:48:00,373.182554302004,378.47365189698354,0.0,0.004816666666666667,0.0,50.92056804649999,50.92056804649999
2021-04-30 09:51:00,381.8803017231444,386.4724321561579,0.0,0.004816666666666667,0.0,52.91499473568413,52.91499473568413
2021-04-30 09:54:00,389.31959904170833,392.9916978495337,0.0,0.004816666666666667,0.0,54.61512412560033,54.61512412560033
2021-04-30 09:57:00,395.5395455467617,398.51542010409514,0.0,0.004816666666666667,0.0,56.03230517132466,56.03230517132466
2021-04-30 10:00:00,400.59370393420556,403.28734866096113,0.0,0.004816666666666667,0.0,57.18087784003353,57.18087784003353
2021-04-30 10:03:00,404.5463701208713,406.1651978731402,0.0,0.004816666666666667,0.0,58.07721168292037,58.07721168292037
2021-04-30 10:06:00,407.4693262628416,407.4695050175182,0.0,0.004816666666666667,0.0,58.73893486655324,58.73893486655324
2021-04-30 10:09:00,409.4390694899966,407.5264283566098,0.0,0.004816666666666667,0.0,59.18432383350201,59.18432383350201
2021-04-30 10:12:00,410.53449196819327,406.66527770996794,0.0,0.004816666666666667,0.0,59.43182648627452,59.43182648627452
2021-04-30 10:15:00,410.83497732049625,405.21647342022607,0.0,0.004816666666666667,0.0,59.49969521006717,59.49969521006717
2021-04-30 10:18:00,410.41887258776273,403.50989467181034,0.0,0.004816666666666667,0.0,59.405709543263384,59.405709543263384
2021-04-30 10:21:00,409.3622925068081,401.87357461564443,0.0,0.004816666666666667,0.0,59.166971557393715,59.166971557393715
2021-04-30 10:24:00,407.73821292220833,400.6326990147201,0.0,0.004816666666666667,0.0,58.79975988731268,58.79975988731268
2021-04-30 10:27:00,405.61581184398494,400.06438257566714,0.0,0.004816666666666667,0.0,58.319430823194836,58.319430823194836
2021-04-30 10:30:00,403.06001942324946,400.17473211495974,0.0,0.004816666666666667,0.0,57.740356955071555,57.740356955071555
2021-04-30 10:33:00,400.13124149720727,400.5650623932471,0.0,0.004816666666666667,0.0,57.07589558780295,57.07589558780295
2021-04-30 10:36:00,396.8852250289724,400.7431014824423,0.0,0.004816666666666667,0.0,56.338380567460796,56.338380567460796
2021-04-30 10:39:00,393.3730375049905,400.21190065442784,0.0,0.004816666666666667,0.0,55.539132326891014,55.539132326891014
2021-04-30 10:42:00,389.64113599401185,398.51598793592643,19.666666666666668,0.004816666666666667,0.0,54.68848191254654,54.68848191254654
2021-04-30 10:45:00,385.7315078671702,395.47205408885134,0.0,3.045158333333333,0.0,53.795806187345306,53.795806187345306
2021-04-30 10:48:00,381.68510147962735,391.309961636693,0.0,0.004816666666666667,0.0,52.8703121652756,52.8703121652756
2021-04-30 10:51:00,377.5748213578018,386.3701822870008,0.0,0.004816666666666667,0.0,51.92860526716054,51.92860526716054
2021-04-30 10:54:00,373.51562418688934,381.0337716263379,0.0,0.004816666666666667,0.0,50.99706937432357,50.99706937432357
2021-04-30 10:57:00,369.60534983503146,375.6729764314838,0.0,0.004816666666666667,0.0,50.09832237639205,50.09832237639205
2021-04-30 11:00:00,365.92709674698114,370.54668743732907,0.0,0.004816666666666667,0.0,49.25171025711719,49.25171025711719
2021-04-30 11:03:00,362.5585205916491,365.7670276727642,0.0,0.004816666666666667,0.0,48.47540213711174,48.47540213711174
2021-04-30 11:06:00,359.53208459455726,361.3861646306329,0.0,0.004816666666666667,0.0,47.77718154383037,47.77718154383037
2021-04-30 11:09:00,356.8262879027297,357.40268717088253,0.0,0.004816666666666667,0.0,47.152350241647824,47.152350241647824
2021-04-30 11:12:00,354.38345091299766,353.78857366993697,0.0,0.004816666666666667,0.0,46.58778759988711,46.58778759988711
2021-04-30 11:15:00,352.12344623679246,350.58664123540206,0.0,0.004816666666666667,0.0,46.06511013335379,46.06511013335379
2021-04-30 11:18:00,349.94796374657005,347.96678476767715,0.0,0.004816666666666667,0.0,45.561658618373656,45.561658618373656
2021-04-30 11:21:00,347.7412465089874,346.1138222736829,0.0,0.004816666666666667,0.0,45.05066972218352,45.05066972218352
2021-04-30 11:24:00,345.37327187526944,345.1971154312694,0.0,0.004816666666666667,0.0,44.502009608202506,44.502009608202506
2021-04-30 11:27:00,342.7072281163058,345.31946159371853,0.0,0.004816666666666667,0.0,43.88389936334897,43.88389936334897
2021-04-30 11:30:00,339.6097817237144,346.24100789720336,0.0,0.004816666666666667,0.0,43.16528889785501,43.16528889785501
2021-04-30 11:33:00,335.9615394266304,347.2184561418038,0.0,0.004816666666666667,0.0,42.31828626034016,42.31828626034016
2021-04-30 11:36:00,331.66561414329175,347.4140387384893,0.0,0.004816666666666667,0.0,41.320168411087636,41.320168411087636
2021-04-30 11:39:00,326.6532305791315,346.0163478837899,0.0,0.004816666666666667,0.0,40.154736928056195,40.154736928056195
2021-04-30 11:42:00,320.88620026532107,342.3192678817177,0.0,0.004816666666666667,0.0,38.81298562501391,38.81298562501391
2021-04-30 11:45:00,314.356654054733,336.0996573784596,0.0,0.004816666666666667,0.0,37.293170202586296,37.293170202586296
2021-04-30 11:48:00,307.08467404266077,327.8418875968457,0.0,0.004816666666666667,0.0,35.60042188170749,35.60042188170749
2021-04-30 11:51:00,299.11451563247783,318.2066347860225,0.0,0.004816666666666667,0.0,33.74605228591209,33.74605228591209
2021-04-30 11:54:00,290.5100451649244,307.8757349443714,0.0,0.004816666666666667,0.0,31.746678027754392,31.746678027754392
2021-04-30 11:57:00,281.3499027993365,297.4999847603982,0.0,0.004816666666666667,0.0,29.6232657005281,29.6232657005281
2021-04-30 12:00:00,271.7227726019947,287.4571888602351,0.0,0.004816666666666667,0.0,27.400169920368633,27.400169920368633
2021-04-30 12:03:00,261.7230226619701,277.705363171564,0.0,0.004816666666666667,0.0,25.1042127947475,25.1042127947475
2021-04-30 12:06:00,251.4468769018245,268.11076597927655,0.0,0.004816666666666667,0.0,22.763834066756825,22.763834066756825
2021-04-30 12:09:00,240.98909344942268,258.53925702679607,0.0,0.004816666666666667,0.0,20.40830329088207,20.40830329088207
2021-04-30 12:12:00,230.43925755080033,248.8528585123558,0.0,0.004816666666666667,0.0,18.066801367322626,18.066801367322626
2021-04-30 12:15:00,219.8802527201114,238.9071906840902,0.0,0.004816666666666667,0.0,15.767963189576745,15.767963189576745
2021-04-30 12:18:00,209.38833325279484,228.5512394284716,0.0,0.004816666666666667,0.0,13.539729908379272,13.539729908379272
2021-04-30 12:21:00,199.0321540175322,217.62674456825363,0.0,0.004816666666666667,0.0,11.408925593817465,11.408925593817465
2021-04-30 12:24:00,188.8721257912365,205.96739865841704,0.0,0.004816666666666667,0.0,9.40088252537018,9.40088252537018
2021-04-30 12:27:00,178.9601608175133,194.40240812798592,0.0,0.004816666666666667,0.0,7.539138801338845,7.539138801338845
2021-04-30 12:30:00,169.3397249277386,184.04602303276508,0.0,0.004816666666666667,0.0,5.845198302706733,5.845198302706733
2021-04-30 12:33:00,160.04612452083154,173.4077693514651,0.0,0.004816666666666667,0.0,4.338345244770387,4.338345244770387
2021-04-30 12:36:00,151.10696619792247,162.65385354617752,0.0,0.004816666666666667,0.0,3.035506910278875,3.035506910278875
2021-04-30 12:39:00,142.54273587746638,151.94316400372304,0.0,0.004816666666666667,0.0,1.951159250069749,1.951159250069749
2021-04-30 12:42:00,134.3674528990671,141.42790178462928,0.0,0.004816666666666667,0.0,1.0972709767222535,1.0972709767222535
2021-04-30 12:45:00,126.58936255311173,131.25426167862975,0.0,0.004816666666666667,0.0,0.48328256917304996,0.48328256917304996
2021-04-30 12:48:00,119.21163603801361,121.56313075249201,0.0,0.004816666666666667,0.0,0.11611727209413006,0.11611727209413006
2021-04-30 12:51:00,112.23304320699995,112.49077116510352,0.0,0.004816666666666667,0.00022234498796678214,0.0,0.00022234498796678214
2021-04-30 12:54:00,105.64852995248704,104.16943126872366,0.0,0.004816666666666667,0.1376450627718886,0.0,0.1376450627718886
2021-04-30 12:57:00,99.44954353846515,96.71187934505102,0.0,0.004816666666666667,0.5281766918265369,0.0,0.5281766918265369
2021-04-30 13:00:00,93.62392241255074,90.13204295887056,0.0,0.004816666666666667,1.1696695497703868,0.0,1.1696695497703868
2021-04-30 13:03:00,88.15571494160072,84.2971963961032,0.0,0.004816666666666667,2.0586399920409204,0.0,2.0586399920409204
2021-04-30 13:06:00,83.0261671913357,79.03965792591238,0.0,0.004816666666666667,3.190938848094386,0.0,3.190938848094386
2021-04-30 13:09:00,78.21604068877117,74.1904232887037,0.0,0.004816666666666667,4.561964115034378,0.0,4.561964115034378
2021-04-30 13:12:00,73.70755257401827,69.5957921268411,0.0,0.004816666666666667,6.166319113909598,0.0,6.166319113909598
2021-04-30 13:15:00,69.48497427945345,65.19077111974359,0.0,0.004816666666666667,7.99729113054283,0.0,7.99729113054283
2021-04-30 13:18:00,65.53431448956287,61.04243149597164,0.0,0.004816666666666667,10.046454015202988,0.0,10.046454015202988
2021-04-30 13:21:00,61.842717176951,57.24811906623223,0.0,0.004816666666666667,12.303487763325034,0.0,12.303487763325034
2021-04-30 13:24:00,58.39791427376876,53.905946430666816,0.0,0.004816666666666667,14.756201872127635,0.0,14.756201872127635
2021-04-30 13:27:00,55.187843535323125,51.102806387705556,0.0,0.004816666666666667,17.390718225676164,0.0,17.390718225676164
2021-04-30 13:30:00,52.200434568924656,48.85637110606241,0.0,0.004816666666666667,20.19176639578955,0.0,20.19176639578955
2021-04-30 13:33:00,49.42352825435947,47.08032986985644,0.0,0.004816666666666667,23.143049590669825,0.0,23.143049590669825
2021-04-30 13:36:00,46.84488817112384,45.66519504583745,0.0,0.004816666666666667,26.22764648146298,0.0,26.22764648146298
2021-04-30 13:39:00,44.452267826712614,44.50144452583294,0.0,0.004816666666666667,29.42842088924406,0.0,29.42842088924406
2021-04-30 13:42:00,42.233505908865375,43.48821568095634,0.0,0.004816666666666667,32.7284173912059,0.0,32.7284173912059
2021-04-30 13:45:00,40.17663000905904,42.576442078987014,0.0,0.004816666666666667,36.111226295129235,0.0,36.111226295129235
2021-04-30 13:48:00,38.269956094755834,41.79477589535171,0.0,0.004816666666666667,39.56130620833912,0.0,39.56130620833912
2021-04-30 13:51:00,36.502176218961736,41.18943066090235,0.0,0.004816666666666667,43.06425664765744,0.0,43.06425664765744
2021-04-30 13:54:00,34.86243070149556,40.80704470684559,0.0,0.004816666666666667,46.607036822291846,0.0,46.607036822291846
2021-04-30 13:57:00,33.34036356971858,40.68175056500908,0.0,0.004816666666666667,50.17812986867327,0.0,50.17812986867327
2021-04-30 14:00:00,31.926161687601546,40.770261220397224,0.0,0.004816666666666667,53.767654411985355,0.0,53.767654411985355
2021-04-30 14:03:00,30.610578975950467,40.91292426988695,0.0,0.004816666666666667,57.36742736564302,0.0,57.36742736564302
2021-04-30 14:06:00,29.384947631279875,40.92467901183238,0.0,0.004816666666666667,60.970983364864246,0.0,60.970983364864246
2021-04-30 14:09:00,28.24117843837933,40.62104363211667,0.0,0.004816666666666667,64.57355719181342,0.0,64.57355719181342
2021-04-30 14:12:00,27.17175225492047,39.8437234349668,0.0,0.004816666666666667,68.17203603641927,0.0,68.17203603641927
2021-04-30 14:15:00,26.16970460666614,39.055581080576374,0.0,0.004816666666666667,71.76488851496356,0.0,71.76488851496356
2021-04-30 14:18:00,25.228605125644258,39.0,0.0,0.004816666666666667,75.35207711546182,0.0,75.35207711546182
2021-04-30 14:21:00,24.342533329339112,39.0,0.0,0.004816666666666667,78.93496023701562,0.0,78.93496023701562
2021-04-30 14:24:00,23.50605200140681,39.0,0.0,0.004816666666666667,82.51618932037042,0.0,82.51618932037042
2021-04-30 14:27:00,22.714179208930332,39.0,0.0,0.004816666666666667,86.09960580254359,0.0,86.09960580254359
2021-04-30 14:30:00,21.96235978640982,39.0,0.0,0.004816666666666667,89.69014183254366,0.0,89.69014183254366
2021-04-30 14:33:00,21.246436936634634,39.0,4.333333333333333,0.004816666666666667,93.29372790799906,0.0,93.29372790799906
2021-04-30 14:36:00,20.56452671707564,39.0,0.0,0.07047500000000001,96.90687096411139,0.0,96.90687096411139
2021-04-30 14:39:00,19.94515334660392,39.0,0.0,0.004816666666666667,100.35332735522736,0.0,100.35332735522736
2021-04-30 14:42:00,19.49608271524479,39.0,0.0,0.004816666666666667,102.95690660757232,0.0,102.95690660757232
2021-04-30 14:45:00,19.37111582621891,39.0,0.0,0.004816666666666667,103.6978300956342,0.0,103.6978300956342
2021-04-30 14:48:00,19.705573517874342,39.0,0.0,0.004816666666666667,101.7310149802146,0.0,101.7310149802146
2021-04-30 14:51:00,20.586886975472172,39.0,0.0,0.004816666666666667,96.78545326204748,0.0,96.78545326204748
2021-04-30 14:54:00,22.049214936947607,39.0,0.0,0.004816666666666667,89.26548607182144,0.0,89.26548607182144
2021-04-30 14:57:00,24.07936833099855,39.0,0.0,0.004816666666666667,80.04005001198529,0.0,80.04005001198529
2021-04-30 15:00:00,26.627197982892703,39.0,0.0,0.004816666666666667,70.0967422451567,0.0,70.0967422451567
2021-04-30 15:03:00,29.616862309922574,39.62507593283587,0.0,0.004816666666666667,60.26948407543007,0.0,60.26948407543007
2021-04-30 15:06:00,32.957196551997086,42.5763364586802,0.0,0.004816666666666667,51.123658666743516,0.0,51.123658666743516
2021-04-30 15:09:00,36.55040809113123,47.642985045181526,0.0,0.004816666666666667,42.96448818106475,0.0,42.96448818106475
2021-04-30 15:12:00,40.29887501126934,52.5534495455323,0.0,0.004816666666666667,35.90074630065101,0.0,35.90074630065101
2021-04-30 15:15:00,44.110119416439154,57.17143682374491,0.0,0.004816666666666667,29.9154176310818,0.0,29.9154176310818
2021-04-30 15:18:00,47.90017117692204,61.36810019241298,0.0,0.004816666666666667,24.922271903438983,0.0,24.922271903438983
2021-04-30 15:21:00,51.595594379795386,65.02450119614144,0.0,0.004816666666666667,20.804391983884933,0.0,20.804391983884933
2021-04-30 15:24:00,55.134455322481,68.03291991300205,0.0,0.004816666666666667,17.43767288768057,0.0,17.43767288768057
2021-04-30 15:27:00,58.46649034458616,70.31603342718658,0.0,0.004816666666666667,14.70377466233127,0.0,14.70377466233127
2021-04-30 15:30:00,61.55269826737417,71.92045956602037,0.0,0.004816666666666667,12.496366394077352,0.0,12.496366394077352
2021-04-30 15:33:00,64.36454428093147,73.07234410596702,0.0,0.004816666666666667,10.723396987039253,0.0,10.723396987039253
2021-04-30 15:36:00,66.88292480067042,74.04512481516825,0.0,0.004816666666666667,9.30716830736581,0.0,9.30716830736581
2021-04-30 15:39:00,69.09700881953133,75.12090259606072,0.0,0.004816666666666667,8.183296338352296,0.0,8.183296338352296
2021-04-30 15:42:00,71.00304185682502,76.55400453118767,0.0,0.004816666666666667,7.29919377855551,0.0,7.29919377855551
2021-04-30 15:45:00,72.6031740921503,78.39355059897498,0.0,0.004816666666666667,6.612426680723694,0.0,6.612426680723694
2021-04-30 15:48:00,73.9043544890715,80.37657361836564,0.0,0.004816666666666667,6.089129705850147,0.0,6.089129705850147
2021-04-30 15:51:00,74.91731719472357,82.17372550480317,0.0,0.004816666666666667,5.702567139907249,0.0,5.702567139907249
2021-04-30 15:54:00,75.65567466375666,83.45883475396252,0.0,0.004816666666666667,5.431872172889123,0.0,5.431872172889123
2021-04-30 15:57:00,76.13512318964084,83.9471905429523,0.0,0.004816666666666667,5.260967602623118,0.0,5.260967602623118
2021-04-30 16:00:00,76.37276025664103,83.59040399593593,0.0,0.004816666666666667,5.177656445619139,0.0,5.177656445619139
2021-04-30 16:03:00,76.38650883533661,82.6931457143341,0.0,0.004816666666666667,5.172864543343925,0.0,5.172864543343925
2021-04-30 16:06:00,76.194640988728,81.63882296081403,0.0,0.004816666666666667,5.240015394289107,0.0,5.240015394289107
2021-04-30 16:09:00,75.81539156296172,80.81093120998005,0.0,0.004816666666666667,5.374517945209535,0.0,5.374517945209535
2021-04-30 16:12:00,75.26665200298841,80.55493867904913,0.0,0.004816666666666667,5.573349700028124,0.0,5.573349700028124
2021-04-30 16:15:00,74.56573421629116,80.98911246768176,0.0,0.004816666666666667,5.834719563461908,0.0,5.834719563461908
2021-04-30 16:18:00,73.72919471660201,81.89097412162393,0.0,0.004816666666666667,6.157796959784992,0.0,6.157796959784992
2021-04-30 16:21:00,72.7727098660856,82.96163883447193,0.0,0.004816666666666667,6.542495770879496,0.0,6.542495770879496
2021-04-30 16:24:00,71.71099377047452,83.90128533761172,0.0,0.004816666666666667,6.9893034480075,0.0,6.9893034480075
2021-04-30 16:27:00,70.55775103940337,84.45699971266164,0.0,0.004816666666666667,7.499147313976513,0.0,7.499147313976513
2021-04-30 16:30:00,69.32565631185874,84.66225822533788,0.0,0.004816666666666667,8.073292033502383,0.0,8.073292033502383
2021-04-30 16:33:00,68.02634791140787,84.98062380570548,0.0,0.004816666666666667,8.713266435968634,0.0,8.713266435968634
2021-04-30 16:36:00,66.67040700441513,85.97041421743941,0.0,0.004816666666666667,9.420829660192707,0.0,9.420829660192707
2021-04-30 16:39:00,65.2672686205645,88.18883368722729,0.0,0.004816666666666667,10.198009104070074,0.0,10.198009104070074
2021-04-30 16:42:00,63.825055269833726,92.08310318534178,0.0,0.004816666666666667,11.047233882678118,0.0,11.047233882678118
2021-04-30 16:45:00,62.350553182368316,97.44671898230231,0.0,0.004816666666666667,11.971449275037356,0.0,11.971449275037356
2021-04-30 16:48:00,60.849599156994145,103.0934908376361,0.0,0.004816666666666667,12.973998238614437,0.0,12.973998238614437
2021-04-30 16:51:00,59.327638281238265,107.61918141589996,0.0,0.004816666666666667,14.058319869988786,0.0,14.058319869988786
2021-04-30 16:54:00,57.790030614060726,109.61937964115128,0.0,0.004816666666666667,15.227713273690295,0.0,15.227713273690295
2021-04-30 16:57:00,56.24206268443534,107.83362971001011,0.0,0.004816666666666667,16.485257683123113,0.0,16.485257683123113
2021-04-30 17:00:00,54.688825613525,101.86545088094545,0.0,0.004816666666666667,17.83383773806903,0.0,17.83383773806903
2021-04-30 17:03:00,53.135081197843455,92.61426605084057,0.0,0.004816666666666667,19.276213106086878,0.0,19.276213106086878
2021-04-30 17:06:00,51.58516420705067,81.26714393928226,0.0,0.004816666666666667,20.815098723215335,0.0,20.815098723215335
2021-04-30 17:09:00,50.042929104946865,69.01068899234322,0.0,0.004816666666666667,22.45324161632107,0.0,22.45324161632107
2021-04-30 17:12:00,48.51173429655597,57.0310134474674,0.0,0.004816666666666667,24.193489946135635,0.0,24.193489946135635
2021-04-30 17:15:00,46.994453517173405,46.51374008392797,0.0,0.004816666666666667,26.03885395906064,0.0,26.03885395906064
2021-04-30 17:18:00,45.49350483485926,40.00225495478493,0.0,0.004816666666666667,27.99256001101263,0.0,27.99256001101263
2021-04-30 17:21:00,44.01088979130918,39.0,0.0,0.004816666666666667,30.058099240614126,0.0,30.058099240614126
2021-04-30 17:24:00,42.548237271534454,39.0,0.0,0.004816666666666667,32.239272489385876,0.0,32.239272489385876
2021-04-30 17:27:00,41.10684840370382,39.0,0.0,0.004816666666666667,34.54023296849811,0.0,34.54023296849811
2021-04-30 17:30:00,39.68774009348464,39.0,0.0,0.004816666666666667,36.965528061157855,0.0,36.965528061157855
2021-04-30 17:33:00,38.29168574351923,39.0,0.0,0.004816666666666667,39.52014156390615,0.0,39.52014156390615
2021-04-30 17:36:00,36.91925237319704,39.0,0.0,0.004816666666666667,42.20953761994879,0.0,42.20953761994879
2021-04-30 17:39:00,35.57083380670241,39.0,0.0,0.004816666666666667,45.03970758569973,0.0,45.03970758569973
2021-04-30 17:42:00,34.24667989573134,39.0,0.0,0.004816666666666667,48.017221098985374,0.0,48.017221098985374
2021-04-30 17:45:00,32.94692193142755,39.0,0.0,0.004816666666666667,51.149282685896594,0.0,51.149282685896594
2021-04-30 17:48:00,31.671594510948886,39.0,0.0,0.004816666666666667,54.44379535709406,0.0,54.44379535709406
2021-04-30 17:51:00,30.42065418178364,39.0,0.0,0.004816666666666667,57.909432809888614,0.0,57.909432809888614
2021-04-30 17:54:00,29.19399520893667,39.0,0.0,0.004816666666666667,61.55572207891179,0.0,61.55572207891179
2021-04-30 17:57:00,27.991462808857165,39.0,0.0,0.004816666666666667,65.39313877843091,0.0,65.39313877843091
2021-04-30 18:00:00,26.812864178272147,39.0,0.0,0.004816666666666667,69.43321747059639,0.0,69.43321747059639
2021-04-30 18:03:00,25.657977622042665,39.0,0.0,0.004816666666666667,73.68868019925532,0.0,73.68868019925532
2021-04-30 18:06:00,24.52656005595773,39.0,0.0,0.004816666666666667,78.17358687945274,0.0,78.17358687945274
2021-04-30 18:09:00,23.41835313082561,39.0,0.0,0.004816666666666667,82.90351207015406,0.0,82.90351207015406
2021-04-30 18:12:00,22.333088195130912,39.0,0.0,0.004816666666666667,87.89575373866002,0.0,87.89575373866002
2021-04-30 18:15:00,21.270490286027048,39.0,0.0,0.004816666666666667,93.16958102690357,0.0,93.16958102690357
2021-04-30 18:18:00,20.230281313181205,39.0,0.0,0.004816666666666667,98.74652985861849,0.0,98.74652985861849
2021-04-30 18:21:00,19.21218257731851,39.0,0.0,0.004816666666666667,104.65075762993453,0.0,104.65075762993453
2021-04-30 18:24:00,18.215916745354626,39.0,0.0,0.004816666666666667,110.90947141152964,0.0,110.90947141152964
2021-04-30 18:27:00,17.241209386771423,39.0,26.333333333333332,0.004816666666666667,117.55344835224915,0.0,117.55344835224915
2021-04-30 18:30:00,16.287801438356887,39.0,0.0,0.4038083333333334,124.61758557684503,0.0,124.61758557684503
2021-04-30 18:33:00,15.359546595187602,39.0,0.0,0.004816666666666667,132.10713337615834,0.0,132.10713337615834
2021-04-30 18:36:00,14.511597029502344,39.0,0.0,0.004816666666666667,139.5501219295647,0.0,139.5501219295647
2021-04-30 18:39:00,13.943663124990504,39.0,0.0,0.004816666666666667,144.89648624339682,0.0,144.89648624339682
2021-04-30 18:42:00,14.034750759638534,39.0,0.0,0.004816666666666667,144.01811807879866,0.0,144.01811807879866
2021-04-30 18:45:00,15.311984692806103,39.0,0.0,0.004816666666666667,132.50867960036774,0.0,132.50867960036774
2021-04-30 18:48:00,18.391654755240225,39.0,0.0,0.004816666666666667,109.76824974874074,0.0,109.76824974874074
2021-04-30 18:51:00,23.888228433715668,39.0,0.0,0.004816666666666667,80.85496592324553,0.0,80.85496592324553
2021-04-30 18:54:00,32.26863783838882,39.0,0.0,0.004816666666666667,52.87284607885038,0.0,52.87284607885038
2021-04-30 18:57:00,43.75330467092627,39.51917166929667,0.0,0.004816666666666667,30.431547483404458,0.0,30.431547483404458
2021-04-30 19:00:00,58.32224874437418,46.37561040340945,0.0,0.004816666666666667,14.814227533715261,0.0,14.814227533715261
2021-04-30 19:03:00,75.75838275489254,64.72804906500961,0.0,0.004816666666666667,5.394941234195853,0.0,5.394941234195853
2021-04-30 19:06:00,95.67944657326012,85.57749639995681,0.0,0.004816666666666667,0.9099754977143261,0.0,0.9099754977143261
2021-04-30 19:09:00,117.59307144950981,108.30090600138217,0.0,0.004816666666666667,0.0,0.06766512793856584,0.06766512793856584
2021-04-30 19:12:00,140.9497331095588,132.2210949421456,0.0,0.004816666666666667,0.0,1.769808872407236,1.769808872407236
2021-04-30 19:15:00,165.19154753992763,156.75868474522275,0.0,0.004816666666666667,0.0,5.1553172856433545,5.1553172856433545
2021-04-30 19:18:00,189.7857301711573,181.5325344214084,0.0,0.004816666666666667,0.0,9.577628686000248,9.577628686000248
2021-04-30 19:21:00,214.24664227181376,206.24247080876378,0.0,0.004816666666666667,0.0,14.563739445247403,14.563739445247403
2021-04-30 19:24:00,238.14924986588414,230.64475850714825,0.0,0.004816666666666667,0.0,19.774204640507445,19.774204640507445
2021-04-30 19:27:00,261.1357102332166,254.54062844237387,0.0,0.004816666666666667,0.0,24.96988020759111,24.96988020759111
2021-04-30 19:30:00,282.9167668119316,277.6779241362708,0.0,0.004816666666666667,0.0,29.986000502645037,29.986000502645037
2021-04-30 19:33:00,303.26944301000407,299.68912414535475,0.0,0.004816666666666667,0.0,34.71256274100454,34.71256274100454
2021-04-30 19:36:00,322.03227300550856,320.2293302769483,0.0,0.004816666666666667,0.0,39.07968673461373,39.07968673461373
2021-04-30 19:39:00,339.09904907590857,339.0110397121683,0.0,0.004816666666666667,0.0,43.04675154107491,43.04675154107491
2021-04-30 19:42:00,354.4118290788824,355.7973718655877,0.0,0.004816666666666667,0.0,46.594348471819316,46.594348471819316
2021-04-30 19:45:00,367.95374649608397,370.39492446175507,0.0,0.004816666666666667,0.0,49.718318157385184,49.718318157385184
2021-04-30 19:48:00,379.74200155513387,382.64669056128406,0.0,0.004816666666666667,0.0,52.42532642405163,52.42532642405163
2021-04-30 19:51:00,389.8212830527949,392.42532781388127,0.0,0.004816666666666667,0.0,54.729577395474685,54.729577395474685
2021-04-30 19:54:00,398.25777212173404,399.6269628415666,0.0,0.004816666666666667,0.0,56.650369231332476,56.650369231332476
2021-04-30 19:57:00,405.133806190025,405.12045870446786,0.0,0.004816666666666667,0.0,58.210276440759046,58.210276440759046
2021-04-30 20:00:00,410.54322882874783,410.29359946971545,0.0,0.004816666666666667,0.0,59.433799970082006,59.433799970082006
2021-04-30 20:03:00,414.5874146693941,414.23600387144404,0.0,0.004816666666666667,0.0,60.34636794885234,60.34636794885234
2021-04-30 20:06:00,417.3719343751699,417.0436305819369,0.0,0.004816666666666667,0.0,60.9736003546449,60.9736003546449
2021-04-30 20:09:00,419.0038097176507,418.81478244600584,0.0,0.004816666666666667,0.0,61.340773052759054,61.340773052759054
2021-04-30 20:12:00,419.5893007016891,419.64771844367993,0.0,0.004816666666666667,0.0,61.47243294458058,61.47243294458058
2021-04-30 20:15:00,419.23216348055337,419.63875696962486,0.0,0.004816666666666667,0.0,61.39212794665831,61.39212794665831
2021-04-30 20:18:00,418.03231802925086,418.8808091977563,0.0,0.004816666666666667,0.0,61.12222439222434,61.12222439222434
2021-04-30 20:21:00,416.0848670698208,417.46228309990175,0.0,0.004816666666666667,0.0,60.68379104044553,60.68379104044553
2021-04-30 20:24:00,413.47941172321526,415.4663022140132,0.0,0.004816666666666667,0.0,60.096533804068095,60.096533804068095
2021-04-30 20:27:00,410.29961417538163,412.96734021741236,0.0,0.004816666666666667,0.0,59.37876900355575,59.37876900355575
2021-04-30 20:30:00,406.6229628401151,410.0166822479241,0.0,0.004816666666666667,0.0,58.54742574544542,58.54742574544542
2021-04-30 20:33:00,402.52070076070123,406.63375755002073,0.0,0.004816666666666667,0.0,57.618070138287464,57.618070138287464
2021-04-30 20:36:00,398.05788309976936,402.82608838562885,0.0,0.004816666666666667,0.0,56.60494567270628,56.60494567270628
2021-04-30 20:39:00,393.2935343813928,398.5951103053677,0.0,0.004816666666666667,0.0,55.52102532919291,55.52102532919291
2021-04-30 20:42:00,388.2808805867287,393.94363038089057,0.0,0.004816666666666667,0.0,54.37807193169648,54.37807193169648
2021-04-30 20:45:00,383.0676352207459,388.9123468972973,0.0,0.004816666666666667,0.0,53.18670400631617,53.18670400631617
2021-04-30 20:48:00,377.6963220483916,383.60191101117186,0.0,0.004816666666666667,0.0,51.956464984095305,51.956464984095305
2021-04-30 20:51:00,372.2046203497227,378.1225138354244,0.0,0.004816666666666667,0.0,50.69589404368379,50.69589404368379
2021-04-30 20:54:00,366.62572128441803,372.5797391816671,0.0,0.004816666666666667,0.0,49.412597252355994,49.412597252355994
2021-04-30 20:57:00,360.98868631452194,367.0629428787237,0.0,0.004816666666666667,0.0,48.113317954215375,48.113317954215375
2021-04-30 21:00:00,355.31880064288214,361.58571437797696,0.0,0.004816666666666667,0.0,46.80400558865359,46.80400558865359
2021-04-30 21:03:00,349.63791631827655,356.0502872471042,0.0,0.004816666666666667,0.0,45.489882312501855,45.489882312501855
2021-04-30 21:06:00,343.96478107165785,350.3317241603785,0.0,0.004816666666666667,0.0,44.175506955048355,44.175506955048355
2021-04-30 21:09:00,338.31535011519844,344.30219197873754,0.0,0.004816666666666667,0.0,42.86483596316552,42.86483596316552
2021-04-30 21:12:00,332.7030790885791,337.8547663544921,0.0,0.004816666666666667,0.0,41.56128109941109,41.56128109941109
2021-04-30 21:15:00,327.1391970993474,331.02123798640946,0.0,0.004816666666666667,0.0,40.26776374190776,40.26776374190776
2021-04-30 21:18:00,321.63295934448377,324.0428879868615,0.0,0.004816666666666667,0.0,38.98676569052253,38.98676569052253
2021-04-30 21:21:00,316.1918787318452,317.206189343602,0.0,0.004816666666666667,0.0,37.72037631612322,37.72037631612322
2021-04-30 21:24:00,310.8219333661099,310.79601187438146,0.0,0.004816666666666667,0.0,36.47033525870924,36.47033525870924
2021-04-30 21:27:00,305.52773647819635,305.06541733783763,0.0,0.004816666666666667,0.0,35.23806746538704,35.23806746538704
2021-04-30 21:30:00,300.312635117843,300.08384490726263,0.0,0.004816666666666667,0.0,34.024702655700196,34.024702655700196
2021-04-30 21:33:00,295.1787211832966,295.64599067435483,0.0,0.004816666666666667,0.0,32.83107539839543,32.83107539839543
2021-04-30 21:36:00,290.1268960631719,291.4845617800506,0.0,0.004816666666666667,0.0,31.65773874004618,31.65773874004618
2021-04-30 21:39:00,285.1572052088069,287.3312830871429,0.0,0.004816666666666667,0.0,30.5050414881488,30.5050414881488
2021-04-30 21:42:00,280.2693028467661,282.9448610861419,0.0,0.004816666666666667,0.0,29.373235999159387,29.373235999159387
2021-04-30 21:45:00,275.46273503904496,278.2490054669083,0.0,0.004816666666666667,0.0,28.262543565212187,28.262543565212187
2021-04-30 21:48:00,270.73700038723206,273.4151607454978,0.0,0.004816666666666667,0.0,27.173168041019615,27.173168041019615
2021-04-30 21:51:00,266.09150640526457,268.66976347617253,0.0,0.004816666666666667,0.0,26.10528538683054,26.10528538683054
2021-04-30 21:54:00,261.5255100367524,264.23911964632043,0.0,0.004816666666666667,0.0,25.05902983007998,25.05902983007998
2021-04-30 21:57:00,257.03807700424085,260.3299006154968,0.0,0.004816666666666667,0.0,24.03448473740351,24.03448473740351
2021-04-30 22:00:00,252.6280660572552,257.03183855329104,0.0,0.004816666666666667,0.0,23.031679575417847,23.031679575417847
2021-04-30 22:03:00,248.2941337818129,254.25935635963293,0.0,0.004816666666666667,0.0,22.050591894828933,22.050591894828933
2021-04-30 22:06:00,244.03475340249784,251.8877746337174,0.0,0.004816666666666667,0.0,21.091152747913572,21.091152747913572
2021-04-30 22:09:00,239.84824169908572,249.79224826972666,0.0,0.004816666666666667,0.0,20.153254114037438,20.153254114037438
2021-04-30 22:12:00,235.7327895874438,247.84779597961074,0.0,0.004816666666666667,0.0,19.236757248079396,19.236757248079396
2021-04-30 22:15:00,231.68649329116965,245.92933137912254,0.0,0.004816666666666667,0.0,18.341501196330483,18.341501196330483
2021-04-30 22:18:00,227.7073841328486,243.9116933098358,0.0,0.004816666666666667,0.0,17.46731099018882,17.46731099018882
2021-04-30 22:21:00,223.79345578524715,241.669673978076,0.0,0.004816666666666667,0.0,16.614005225159822,16.614005225159822
2021-04-30 22:24:00,219.94268839032463,239.0780441385005,0.0,0.004816666666666667,0.0,15.781402871931746,15.781402871931746
2021-04-30 22:27:00,216.15306933521813,235.67730199288525,0.0,0.004816666666666667,0.0,14.969329260955611,14.969329260955611
2021-04-30 22:30:00,212.42260775312764,231.19771196812957,0.0,0.004816666666666667,0.0,14.177620617407761,14.177620617407761
2021-04-30 22:33:00,208.74915319040235,226.60759193590843,0.0,0.004816666666666667,0.0,13.406087602010231,13.406087602010231
2021-04-30 22:36:00,205.13015083752416,221.9180573551891,0.0,0.004816666666666667,0.0,12.654468470050215,12.654468470050215
2021-04-30 22:39:00,201.56316524965723,217.14011254419444,0.0,0.004816666666666667,0.0,11.92254320417664,11.92254320417664
2021-04-30 22:42:00,198.04599920609843,212.28499849621363,0.0,0.004816666666666667,0.0,11.210158776594874,11.210158776594874
2021-04-30 22:45:00,194.57664357115107,207.3641602072591,0.0,0.004816666666666667,0.0,10.517218796429347,10.517218796429347
2021-04-30 22:48:00,191.15324612678165,202.38920927737445,0.0,0.004816666666666667,0.0,9.843677425544065,9.843677425544065
2021-04-30 22:51:00,187.77409144209489,197.37190042562395,0.0,0.004816666666666667,0.0,9.189535760385969,9.189535760385969
2021-04-30 22:54:00,184.43758679436075,192.32411556394277,0.0,0.004816666666666667,0.0,8.554839569247891,8.554839569247891
2021-04-30 22:57:00,181.14225151378116,187.26514890612137,0.0,0.004816666666666667,0.0,7.939677805348296,7.939677805348296
2021-04-30 23:00:00,177.88670835287382,182.2581817887681,0.0,0.004816666666666667,0.0,7.34418159147485,7.34418159147485
2021-04-30 23:03:00,174.66967612499786,177.43216535986045,0.0,0.004816666666666667,0.0,6.7685235154422685,6.7685235154422685
2021-04-30 23:06:00,171.48996319615333,172.930736090469,0.0,0.004816666666666667,0.0,6.212917150968965,6.212917150968965
2021-04-30 23:09:00,168.3464615951916,168.89761605554406,0.0,0.004816666666666667,0.0,5.677616758575169,5.677616758575169
2021-04-30 23:12:00,165.23814160543174,165.45747741198002,0.0,0.004816666666666667,0.0,5.162917142679143,5.162917142679143
2021-04-30 23:15:00,162.16404675465174,162.62028746942946,0.0,0.004816666666666667,0.0,4.669153652964962,4.669153652964962
2021-04-30 23:18:00,159.12355629068009,160.22413108819143,0.0,0.004816666666666667,0.0,4.196743102891698,4.196743102891698
2021-04-30 23:21:00,156.11896898886545,158.0706046520664,0.0,0.004816666666666667,0.0,3.746556780885588,3.746556780885588
2021-04-30 23:24:00,153.15445583795756,155.9639637763093,0.0,0.004816666666666667,0.0,3.3196872594352387,3.3196872594352387
2021-04-30 23:27:00,150.23300025744584,153.72066743515654,0.0,0.004816666666666667,0.0,2.916970101113201,2.916970101113201
2021-04-30 23:30:00,147.35659951242653,151.2309458771905,0.0,0.004816666666666667,0.0,2.5390352205565514,2.5390352205565514
2021-04-30 23:33:00,144.52658363897532,148.49664082917607,0.0,0.004816666666666667,0.0,2.1863690664261344,2.1863690664261344
2021-04-30 23:36:00,141.74381181411758,145.54403466075374,0.0,0.004816666666666667,0.0,1.8593532269703426,1.8593532269703426
2021-04-30 23:39:00,139.0087997106569,142.3990261745531,0.0,0.004816666666666667,0.0,1.5582896788778444,1.5582896788778444
2021-04-30 23:42:00,136.32180647490895,139.09267902376283,0.0,0.004816666666666667,0.0,1.2834180992068742,1.2834180992068742
2021-04-30 23:45:00,133.68289698343725,135.68853647868087,0.0,0.004816666666666667,0.0,1.0349281878478096,1.0349281878478096
2021-04-30 23:48:00,131.09198820838282,132.29901966838608,0.0,0.004816666666666667,0.0,0.8129686597880038,0.8129686597880038
2021-04-30 23:51:00,128.54888488092757,129.04732389905462,0.0,0.004816666666666667,0.0,0.6176538816059958,0.6176538816059958
2021-04-30 23:54:00,126.05330764843282,126.05655127705316,0.0,0.004816666666666667,0.0,0.4490687498740753,0.4490687498740753
2021-04-30 23:57:00,123.60491574740637,123.43158559190744,0.0,0.004816666666666667,0.0,0.3072721903116511,0.3072721903116511
2021-05-01 00:00:00,121.20332536118744,121.1683643427726,,,0.0,0.19229952098304473,0.19229952098304473
